REGION	POS	REF	ALT	REF_DP	REF_RV	REF_QUAL	ALT_DP	ALT_RV	ALT_QUAL	ALT_FREQ	TOTAL_DP	PVAL	PASS	GFF_FEATURE	REF_CODON	REF_AA	ALT_CODON	ALT_AA
NC_045512.2	14	A	+C	1347	4	36	827	0	20	0.604974	1367	5.87875e-185	TRUE	NA	NA	NA	NA	NA
NC_045512.2	210	G	T	1	1	33	4594	3103	36	0.998913	4599	0	TRUE	NA	NA	NA	NA	NA
NC_045512.2	241	C	T	4	4	25	4977	3483	36	0.998796	4983	0	TRUE	NA	NA	NA	NA	NA
NC_045512.2	558	G	T	677	663	36	25	25	36	0.0356125	702	1.56385e-08	TRUE	NA	NA	NA	NA	NA
NC_045512.2	3037	C	T	0	0	0	1830	1198	35	1	1830	0	TRUE	NA	NA	NA	NA	NA
NC_045512.2	3948	A	G	2	0	37	350	140	36	0.985915	355	7.18701e-210	TRUE	NA	NA	NA	NA	NA
NC_045512.2	4181	G	T	0	0	0	1009	475	32	1	1009	0	TRUE	NA	NA	NA	NA	NA
NC_045512.2	5351	C	T	618	269	36	24	13	37	0.0373832	642	3.05789e-08	TRUE	NA	NA	NA	NA	NA
NC_045512.2	6402	C	T	0	0	0	1958	901	36	1	1958	0	TRUE	NA	NA	NA	NA	NA
NC_045512.2	7124	C	T	0	0	0	446	161	36	1	446	7.16692e-269	TRUE	NA	NA	NA	NA	NA
NC_045512.2	8986	C	T	0	0	0	480	3	35	0.997921	481	4.22065e-298	TRUE	NA	NA	NA	NA	NA
NC_045512.2	9053	G	T	0	0	0	1841	715	36	0.999457	1842	0	TRUE	NA	NA	NA	NA	NA
