REGION	POS	REF	ALT	REF_DP	REF_RV	REF_QUAL	ALT_DP	ALT_RV	ALT_QUAL	ALT_FREQ	TOTAL_DP	PVAL	PASS	GFF_FEATURE	REF_CODON	REF_AA	ALT_CODON	ALT_AA
NC_045512.2	14	A	+C	1389	8	36	902	0	20	0.635659	1419	6.58795e-201	TRUE	NA	NA	NA	NA	NA
NC_045512.2	210	G	T	0	0	0	4590	3082	36	0.999564	4592	0	TRUE	NA	NA	NA	NA	NA
NC_045512.2	241	C	T	2	2	37	4965	3458	36	0.999195	4969	0	TRUE	NA	NA	NA	NA	NA
NC_045512.2	2405	A	T	63	63	35	2	2	31	0.0307692	65	0.229961	FALSE	NA	NA	NA	NA	NA
NC_045512.2	3037	C	T	0	0	0	1880	1248	35	1	1880	0	TRUE	NA	NA	NA	NA	NA
NC_045512.2	3948	A	G	0	0	0	322	117	36	1	322	1.79919e-195	TRUE	NA	NA	NA	NA	NA
NC_045512.2	4181	G	T	0	0	0	1009	450	32	1	1009	0	TRUE	NA	NA	NA	NA	NA
NC_045512.2	4560	C	-G	24	21	35	1	0	20	0.0357143	28	0.480769	FALSE	NA	NA	NA	NA	NA
NC_045512.2	5351	C	T	677	302	36	27	12	37	0.0383523	704	3.78751e-09	TRUE	NA	NA	NA	NA	NA
NC_045512.2	6402	C	T	0	0	0	1985	924	36	0.999496	1986	0	TRUE	NA	NA	NA	NA	NA
NC_045512.2	7124	C	T	0	0	0	470	155	36	0.997877	471	3.32788e-284	TRUE	NA	NA	NA	NA	NA
NC_045512.2	8986	C	T	0	0	0	455	3	35	1	455	3.59021e-280	TRUE	NA	NA	NA	NA	NA
NC_045512.2	9053	G	T	0	0	0	1883	718	36	0.999469	1884	0	TRUE	NA	NA	NA	NA	NA
