REGION	POS	REF	ALT	REF_DP	REF_RV	REF_QUAL	ALT_DP	ALT_RV	ALT_QUAL	ALT_FREQ	TOTAL_DP	PVAL	PASS	GFF_FEATURE	REF_CODON	REF_AA	ALT_CODON	ALT_AA
NC_045512.2	14	A	+C	1353	5	36	858	0	20	0.620839	1382	1.78465e-192	TRUE	NA	NA	NA	NA	NA
NC_045512.2	210	G	T	0	0	0	4518	3102	36	0.998895	4523	0	TRUE	NA	NA	NA	NA	NA
NC_045512.2	241	C	T	1	1	37	4901	3481	36	0.999796	4902	0	TRUE	NA	NA	NA	NA	NA
NC_045512.2	558	G	T	681	662	36	27	27	35	0.0381356	708	4.26094e-09	TRUE	NA	NA	NA	NA	NA
NC_045512.2	3037	C	T	2	2	37	1839	1194	35	0.998371	1842	0	TRUE	NA	NA	NA	NA	NA
NC_045512.2	3948	A	G	1	0	37	307	124	35	0.990323	310	1.98633e-185	TRUE	NA	NA	NA	NA	NA
NC_045512.2	4181	G	T	0	0	0	985	458	32	1	985	0	TRUE	NA	NA	NA	NA	NA
NC_045512.2	4560	C	-G	27	26	36	1	0	20	0.0344828	29	0.5	FALSE	NA	NA	NA	NA	NA
NC_045512.2	6402	C	T	0	0	0	1988	954	36	1	1988	0	TRUE	NA	NA	NA	NA	NA
NC_045512.2	7124	C	T	1	0	37	456	152	36	0.995633	458	1.02488e-273	TRUE	NA	NA	NA	NA	NA
NC_045512.2	8986	C	T	0	0	0	471	0	35	0.997881	472	1.10816e-292	TRUE	NA	NA	NA	NA	NA
NC_045512.2	9053	G	T	0	0	0	1864	735	36	0.999464	1865	0	TRUE	NA	NA	NA	NA	NA
